{
    "generalSettings": {
        "client": "Proof of Concept"
    },
	"widgets": [
     {
            "name": "Process Insight",
            "settings": {
                "size": "medium",
                "title": "Process Insight"
            },
            "dataset":  [
        {
         "name": "Booking",
         "value": 0,
         "measure": "days",
          "min": 0,
         "max": 10,
         "avg": 4
        },
        {
         "name": "Planning",
         "value": 10,
         "measure": "days",
         "min": 0,
         "max": 10,
         "avg": 4
        },
        {
         "name": "Waiting",
         "value": 3,
         "measure": "hours",
          "min": 0,
         "max": 10,
         "avg": 4
        },
        {
         "name": "Examination",
         "value": 10,
         "measure": "minutes",
          "min": 0,
         "max": 10,
         "avg": 4
        },
        {
         "name": "Reporting",
         "value": 4,
         "measure": "day",
          "min": 0,
         "max": 10,
         "avg": 4
        }, {
         "name": "Invoicing",
         "value": 8,
         "measure": "hours",
          "min": 0,
         "max": 10,
         "avg": 4
        }
        ]
        },

    
   
	{
		"name": "Departament Insight",
		"settings": {
			"size": "medium",
			"title": "Departament Insight"
		},
		"generalData": {
			"month": "April",
			"year": 2015,
			"total": 200,
			"avg": 50
		},
		"dataset":     [
		{"DepartmentName":"Radiology B","RoomName":"Bucky 1","ExaminationTypeName":"A.CARD","Radiologist":"Whitney Hanstein","Examination":"1"},
    {"DepartmentName":"Radiology B","RoomName":"Bucky 2","ExaminationTypeName":"A.CARD","Radiologist":"Whitney Hanstein","Examination":"1"},
    {"DepartmentName":"Radiology B","RoomName":"Bucky 3","ExaminationTypeName":"A.CARD","Radiologist":"Whitney Hanstein","Examination":"1"},
    {"DepartmentName":"Radiology B","RoomName":"Bucky 4","ExaminationTypeName":"A.CARD","Radiologist":"Whitney Hanstein","Examination":"1"},
    {"DepartmentName":"Radiology B","RoomName":"Bucky 5","ExaminationTypeName":"A.CARD","Radiologist":"Whitney Hanstein","Examination":"1"},
    {"DepartmentName":"Radiology B","RoomName":"Bucky 6","ExaminationTypeName":"A.CARD","Radiologist":"Whitney Hanstein","Examination":"1"},
    {"DepartmentName":"Radiology B","RoomName":"Bucky 7","ExaminationTypeName":"A.CARD","Radiologist":"Whitney Hanstein","Examination":"1"},
    {"DepartmentName":"Radiology C","RoomName":"S1Bucky 1","ExaminationTypeName":"A.CARD","Radiologist":"Whitney Hanstein","Examination":"1"},
    {"DepartmentName":"Radiology C","RoomName":"S1Bucky 2","ExaminationTypeName":"A.CARD","Radiologist":"Whitney Hanstein","Examination":"1"},
    {"DepartmentName":"Radiology C","RoomName":"S1Bucky 3","ExaminationTypeName":"A.CARD","Radiologist":"Whitney Hanstein","Examination":"1"},
    {"DepartmentName":"Radiology D","RoomName":"S2Bucky 1","ExaminationTypeName":"A.CARD","Radiologist":"Whitney Hanstein","Examination":"1"},
    {"DepartmentName":"Radiology D","RoomName":"S2Bucky 2","ExaminationTypeName":"A.CARD","Radiologist":"Whitney Hanstein","Examination":"1"},
    {"DepartmentName":"Radiology D","RoomName":"S2Bucky 3","ExaminationTypeName":"A.CARD","Radiologist":"Whitney Hanstein","Examination":"1"},
    {"DepartmentName":"Radiology E","RoomName":"S3Bucky 1","ExaminationTypeName":"A.CARD","Radiologist":"Whitney Hanstein","Examination":"1"},
    {"DepartmentName":"Radiology E","RoomName":"S3Bucky 2","ExaminationTypeName":"A.CARD","Radiologist":"Whitney Hanstein","Examination":"1"},
    {"DepartmentName":"Radiology E","RoomName":"S3Bucky 3","ExaminationTypeName":"A.CARD","Radiologist":"Whitney Hanstein","Examination":"1"},
    {"DepartmentName":"Radiology E","RoomName":"S3Bucky 4","ExaminationTypeName":"A.CARD","Radiologist":"Whitney Hanstein","Examination":"1"},
    {"DepartmentName":"Radiology A","RoomName":"CT 1","ExaminationTypeName":"CT Angiogram Aorta","Radiologist":"Williams Kornprobst","Examination":"1"},
    {"DepartmentName":"Radiology A","RoomName":"CT 1","ExaminationTypeName":"CT Angiogram Aorta","Radiologist":"Williams Kornprobst","Examination":"1"},
    {"DepartmentName":"Radiology B","RoomName":"CT 2","ExaminationTypeName":"CT Angiogram Aorta","Radiologist":"Williams Kornprobst","Examination":"1"},
    {"DepartmentName":"Radiology B","RoomName":"CT 2","ExaminationTypeName":"CT Angiogram Aorta","Radiologist":"Williams Kornprobst","Examination":"1"},
    {"DepartmentName":"Radiology B","RoomName":"CT 3","ExaminationTypeName":"CT Angiogram Aorta","Radiologist":"Williams Kornprobst","Examination":"1"},
    {"DepartmentName":"Radiology B","RoomName":"CT 3","ExaminationTypeName":"CT Angiogram Aorta","Radiologist":"Williams Kornprobst","Examination":"1"},
    {"DepartmentName":"Radiology B","RoomName":"CT 4","ExaminationTypeName":"CT Angiogram Aorta","Radiologist":"Williams Kornprobst","Examination":"1"},
    {"DepartmentName":"Radiology B","RoomName":"CT 4","ExaminationTypeName":"CT Angiogram Aorta","Radiologist":"Williams Kornprobst","Examination":"1"},
    {"DepartmentName":"Radiology C","RoomName":"S1CT 1","ExaminationTypeName":"CT Angiogram Aorta","Radiologist":"Williams Kornprobst","Examination":"1"},
    {"DepartmentName":"Radiology C","RoomName":"S1CT 1","ExaminationTypeName":"CT Angiogram Aorta","Radiologist":"Williams Kornprobst","Examination":"1"},
    {"DepartmentName":"Radiology D","RoomName":"S2CT 1","ExaminationTypeName":"CT Angiogram Aorta","Radiologist":"Williams Kornprobst","Examination":"1"},
    {"DepartmentName":"Radiology D","RoomName":"S2CT 1","ExaminationTypeName":"CT Angiogram Aorta","Radiologist":"Williams Kornprobst","Examination":"1"},
    {"DepartmentName":"Radiology E","RoomName":"S3CT 1","ExaminationTypeName":"CT Angiogram Aorta","Radiologist":"Williams Kornprobst","Examination":"1"},
    {"DepartmentName":"Radiology E","RoomName":"S3CT 1","ExaminationTypeName":"CT Angiogram Aorta","Radiologist":"Williams Kornprobst","Examination":"1"},
    {"DepartmentName":"Radiology E","RoomName":"S3CT 2","ExaminationTypeName":"CT Angiogram Aorta","Radiologist":"Williams Kornprobst","Examination":"1"},
    {"DepartmentName":"Radiology E","RoomName":"S3CT 2","ExaminationTypeName":"CT Angiogram Aorta","Radiologist":"Williams Kornprobst","Examination":"1"},
    {"DepartmentName":"Radiology A","RoomName":"CT 1","ExaminationTypeName":"CT Abdomen","Radiologist":"Erick Hakimi","Examination":"1"},
    {"DepartmentName":"Radiology A","RoomName":"CT 1","ExaminationTypeName":"CT Abdomen","Radiologist":"Josh Carini","Examination":"1"},
    {"DepartmentName":"Radiology A","RoomName":"CT 1","ExaminationTypeName":"CT Abdomen","Radiologist":"Williams Kornprobst","Examination":"1"},
    {"DepartmentName":"Radiology A","RoomName":"CT 1","ExaminationTypeName":"CT Abdomen","Radiologist":"Williams Kornprobst","Examination":"1"},
    {"DepartmentName":"Radiology A","RoomName":"CT 1","ExaminationTypeName":"CT Abdomen","Radiologist":"Josh Carini","Examination":"1"},
    {"DepartmentName":"Radiology A","RoomName":"CT 1","ExaminationTypeName":"CT Abdomen","Radiologist":"Josh Carini","Examination":"1"},
    {"DepartmentName":"Radiology A","RoomName":"CT 1","ExaminationTypeName":"CT Abdomen","Radiologist":"Whitney Hanstein","Examination":"1"},
    {"DepartmentName":"Radiology A","RoomName":"CT 1","ExaminationTypeName":"CT Abdomen","Radiologist":"Whitney Hanstein","Examination":"1"},
    {"DepartmentName":"Radiology A","RoomName":"CT 1","ExaminationTypeName":"CT Abdomen","Radiologist":"Whitney Hanstein","Examination":"1"},
    {"DepartmentName":"Radiology A","RoomName":"CT 1","ExaminationTypeName":"CT Abdomen","Radiologist":"Williams Kornprobst","Examination":"1"},
    {"DepartmentName":"Radiology A","RoomName":"CT 1","ExaminationTypeName":"CT Abdomen","Radiologist":"Williams Kornprobst","Examination":"1"},
    {"DepartmentName":"Radiology A","RoomName":"CT 1","ExaminationTypeName":"CT Abdomen","Radiologist":"Williams Kornprobst","Examination":"1"},
    {"DepartmentName":"Radiology A","RoomName":"CT 1","ExaminationTypeName":"CT Abdomen","Radiologist":"Whitney Hanstein","Examination":"1"},
    {"DepartmentName":"Radiology A","RoomName":"CT 1","ExaminationTypeName":"CT Abdomen","Radiologist":"Whitney Hanstein","Examination":"1"},
    {"DepartmentName":"Radiology A","RoomName":"CT 1","ExaminationTypeName":"CT Abdomen","Radiologist":"Williams Kornprobst","Examination":"1"},
    {"DepartmentName":"Radiology A","RoomName":"CT 1","ExaminationTypeName":"CT Abdomen","Radiologist":"Williams Kornprobst","Examination":"1"},
    {"DepartmentName":"Radiology A","RoomName":"CT 1","ExaminationTypeName":"CT Abdomen","Radiologist":"Williams Kornprobst","Examination":"1"},
    {"DepartmentName":"Radiology A","RoomName":"CT 1","ExaminationTypeName":"CT Abdomen","Radiologist":"Williams Kornprobst","Examination":"1"},
    {"DepartmentName":"Radiology A","RoomName":"CT 1","ExaminationTypeName":"CT Abdomen","Radiologist":"Williams Kornprobst","Examination":"1"},
    {"DepartmentName":"Radiology A","RoomName":"CT 1","ExaminationTypeName":"CT Abdomen","Radiologist":"Williams Kornprobst","Examination":"1"},
    {"DepartmentName":"Radiology A","RoomName":"CT 1","ExaminationTypeName":"CT Abdomen","Radiologist":"Williams Kornprobst","Examination":"1"},
    {"DepartmentName":"Radiology A","RoomName":"CT 1","ExaminationTypeName":"CT Abdomen","Radiologist":"Williams Kornprobst","Examination":"1"},
    {"DepartmentName":"Radiology A","RoomName":"CT 1","ExaminationTypeName":"CT Abdomen","Radiologist":"Williams Kornprobst","Examination":"1"},
    {"DepartmentName":"Radiology B","RoomName":"CT 2","ExaminationTypeName":"CT Abdomen","Radiologist":"Erick Hakimi","Examination":"1"},
    {"DepartmentName":"Radiology B","RoomName":"CT 2","ExaminationTypeName":"CT Abdomen","Radiologist":"Josh Carini","Examination":"1"},
    {"DepartmentName":"Radiology B","RoomName":"CT 2","ExaminationTypeName":"CT Abdomen","Radiologist":"Williams Kornprobst","Examination":"1"},
    {"DepartmentName":"Radiology B","RoomName":"CT 2","ExaminationTypeName":"CT Abdomen","Radiologist":"Williams Kornprobst","Examination":"1"},
    {"DepartmentName":"Radiology B","RoomName":"CT 2","ExaminationTypeName":"CT Abdomen","Radiologist":"Josh Carini","Examination":"1"},
    {"DepartmentName":"Radiology B","RoomName":"CT 2","ExaminationTypeName":"CT Abdomen","Radiologist":"Josh Carini","Examination":"1"},
    {"DepartmentName":"Radiology B","RoomName":"CT 2","ExaminationTypeName":"CT Abdomen","Radiologist":"Whitney Hanstein","Examination":"1"},
    {"DepartmentName":"Radiology B","RoomName":"CT 2","ExaminationTypeName":"CT Abdomen","Radiologist":"Whitney Hanstein","Examination":"1"},
    {"DepartmentName":"Radiology B","RoomName":"CT 2","ExaminationTypeName":"CT Abdomen","Radiologist":"Whitney Hanstein","Examination":"1"},
    {"DepartmentName":"Radiology B","RoomName":"CT 2","ExaminationTypeName":"CT Abdomen","Radiologist":"Williams Kornprobst","Examination":"1"},
    {"DepartmentName":"Radiology B","RoomName":"CT 2","ExaminationTypeName":"CT Abdomen","Radiologist":"Williams Kornprobst","Examination":"1"},
    {"DepartmentName":"Radiology B","RoomName":"CT 2","ExaminationTypeName":"CT Abdomen","Radiologist":"Williams Kornprobst","Examination":"1"},
    {"DepartmentName":"Radiology B","RoomName":"CT 2","ExaminationTypeName":"CT Abdomen","Radiologist":"Whitney Hanstein","Examination":"1"},
    {"DepartmentName":"Radiology B","RoomName":"CT 2","ExaminationTypeName":"CT Abdomen","Radiologist":"Whitney Hanstein","Examination":"1"},
    {"DepartmentName":"Radiology B","RoomName":"CT 2","ExaminationTypeName":"CT Abdomen","Radiologist":"Williams Kornprobst","Examination":"1"},
    {"DepartmentName":"Radiology B","RoomName":"CT 2","ExaminationTypeName":"CT Abdomen","Radiologist":"Williams Kornprobst","Examination":"1"},
    {"DepartmentName":"Radiology B","RoomName":"CT 2","ExaminationTypeName":"CT Abdomen","Radiologist":"Williams Kornprobst","Examination":"1"},
    {"DepartmentName":"Radiology B","RoomName":"CT 2","ExaminationTypeName":"CT Abdomen","Radiologist":"Williams Kornprobst","Examination":"1"},
    {"DepartmentName":"Radiology B","RoomName":"CT 2","ExaminationTypeName":"CT Abdomen","Radiologist":"Williams Kornprobst","Examination":"1"},
    {"DepartmentName":"Radiology B","RoomName":"CT 2","ExaminationTypeName":"CT Abdomen","Radiologist":"Williams Kornprobst","Examination":"1"},
    {"DepartmentName":"Radiology B","RoomName":"CT 2","ExaminationTypeName":"CT Abdomen","Radiologist":"Williams Kornprobst","Examination":"1"},
    {"DepartmentName":"Radiology B","RoomName":"CT 2","ExaminationTypeName":"CT Abdomen","Radiologist":"Williams Kornprobst","Examination":"1"},
    {"DepartmentName":"Radiology B","RoomName":"CT 2","ExaminationTypeName":"CT Abdomen","Radiologist":"Williams Kornprobst","Examination":"1"},
    {"DepartmentName":"Radiology B","RoomName":"CT 3","ExaminationTypeName":"CT Abdomen","Radiologist":"Erick Hakimi","Examination":"1"},
    {"DepartmentName":"Radiology B","RoomName":"CT 3","ExaminationTypeName":"CT Abdomen","Radiologist":"Josh Carini","Examination":"1"},
    {"DepartmentName":"Radiology B","RoomName":"CT 3","ExaminationTypeName":"CT Abdomen","Radiologist":"Williams Kornprobst","Examination":"1"},
    {"DepartmentName":"Radiology B","RoomName":"CT 3","ExaminationTypeName":"CT Abdomen","Radiologist":"Williams Kornprobst","Examination":"1"},
    {"DepartmentName":"Radiology B","RoomName":"CT 3","ExaminationTypeName":"CT Abdomen","Radiologist":"Josh Carini","Examination":"1"},
    {"DepartmentName":"Radiology B","RoomName":"CT 3","ExaminationTypeName":"CT Abdomen","Radiologist":"Josh Carini","Examination":"1"},
    {"DepartmentName":"Radiology B","RoomName":"CT 3","ExaminationTypeName":"CT Abdomen","Radiologist":"Whitney Hanstein","Examination":"1"},
    {"DepartmentName":"Radiology B","RoomName":"CT 3","ExaminationTypeName":"CT Abdomen","Radiologist":"Whitney Hanstein","Examination":"1"},
    {"DepartmentName":"Radiology B","RoomName":"CT 3","ExaminationTypeName":"CT Abdomen","Radiologist":"Whitney Hanstein","Examination":"1"},
    {"DepartmentName":"Radiology B","RoomName":"CT 3","ExaminationTypeName":"CT Abdomen","Radiologist":"Williams Kornprobst","Examination":"1"},
    {"DepartmentName":"Radiology B","RoomName":"CT 3","ExaminationTypeName":"CT Abdomen","Radiologist":"Williams Kornprobst","Examination":"1"},
    {"DepartmentName":"Radiology B","RoomName":"CT 3","ExaminationTypeName":"CT Abdomen","Radiologist":"Williams Kornprobst","Examination":"1"},
    {"DepartmentName":"Radiology B","RoomName":"CT 3","ExaminationTypeName":"CT Abdomen","Radiologist":"Whitney Hanstein","Examination":"1"},
    {"DepartmentName":"Radiology B","RoomName":"CT 3","ExaminationTypeName":"CT Abdomen","Radiologist":"Whitney Hanstein","Examination":"1"},
    {"DepartmentName":"Radiology B","RoomName":"CT 3","ExaminationTypeName":"CT Abdomen","Radiologist":"Williams Kornprobst","Examination":"1"},
    {"DepartmentName":"Radiology B","RoomName":"CT 3","ExaminationTypeName":"CT Abdomen","Radiologist":"Williams Kornprobst","Examination":"1"},
    {"DepartmentName":"Radiology B","RoomName":"CT 3","ExaminationTypeName":"CT Abdomen","Radiologist":"Williams Kornprobst","Examination":"1"},
    {"DepartmentName":"Radiology B","RoomName":"CT 3","ExaminationTypeName":"CT Abdomen","Radiologist":"Williams Kornprobst","Examination":"1"},
    {"DepartmentName":"Radiology B","RoomName":"CT 3","ExaminationTypeName":"CT Abdomen","Radiologist":"Williams Kornprobst","Examination":"1"},
    {"DepartmentName":"Radiology B","RoomName":"CT 3","ExaminationTypeName":"CT Abdomen","Radiologist":"Williams Kornprobst","Examination":"1"},
    {"DepartmentName":"Radiology B","RoomName":"CT 3","ExaminationTypeName":"CT Abdomen","Radiologist":"Williams Kornprobst","Examination":"1"},
    {"DepartmentName":"Radiology B","RoomName":"CT 3","ExaminationTypeName":"CT Abdomen","Radiologist":"Williams Kornprobst","Examination":"1"},
    {"DepartmentName":"Radiology B","RoomName":"CT 3","ExaminationTypeName":"CT Abdomen","Radiologist":"Williams Kornprobst","Examination":"1"},
    {"DepartmentName":"Radiology B","RoomName":"CT 4","ExaminationTypeName":"CT Abdomen","Radiologist":"Erick Hakimi","Examination":"1"},
    {"DepartmentName":"Radiology B","RoomName":"CT 4","ExaminationTypeName":"CT Abdomen","Radiologist":"Josh Carini","Examination":"1"},
    {"DepartmentName":"Radiology B","RoomName":"CT 4","ExaminationTypeName":"CT Abdomen","Radiologist":"Williams Kornprobst","Examination":"1"},
    {"DepartmentName":"Radiology B","RoomName":"CT 4","ExaminationTypeName":"CT Abdomen","Radiologist":"Williams Kornprobst","Examination":"1"},
    {"DepartmentName":"Radiology B","RoomName":"CT 4","ExaminationTypeName":"CT Abdomen","Radiologist":"Josh Carini","Examination":"1"},
    {"DepartmentName":"Radiology B","RoomName":"CT 4","ExaminationTypeName":"CT Abdomen","Radiologist":"Josh Carini","Examination":"1"},
    {"DepartmentName":"Radiology B","RoomName":"CT 4","ExaminationTypeName":"CT Abdomen","Radiologist":"Whitney Hanstein","Examination":"1"},
    {"DepartmentName":"Radiology B","RoomName":"CT 4","ExaminationTypeName":"CT Abdomen","Radiologist":"Whitney Hanstein","Examination":"1"},
    {"DepartmentName":"Radiology B","RoomName":"CT 4","ExaminationTypeName":"CT Abdomen","Radiologist":"Whitney Hanstein","Examination":"1"},
    {"DepartmentName":"Radiology B","RoomName":"CT 4","ExaminationTypeName":"CT Abdomen","Radiologist":"Williams Kornprobst","Examination":"1"},
    {"DepartmentName":"Radiology B","RoomName":"CT 4","ExaminationTypeName":"CT Abdomen","Radiologist":"Williams Kornprobst","Examination":"1"},
    {"DepartmentName":"Radiology B","RoomName":"CT 4","ExaminationTypeName":"CT Abdomen","Radiologist":"Williams Kornprobst","Examination":"1"},
    {"DepartmentName":"Radiology B","RoomName":"CT 4","ExaminationTypeName":"CT Abdomen","Radiologist":"Whitney Hanstein","Examination":"1"},
    {"DepartmentName":"Radiology B","RoomName":"CT 4","ExaminationTypeName":"CT Abdomen","Radiologist":"Whitney Hanstein","Examination":"1"},
    {"DepartmentName":"Radiology B","RoomName":"CT 4","ExaminationTypeName":"CT Abdomen","Radiologist":"Williams Kornprobst","Examination":"1"},
    {"DepartmentName":"Radiology B","RoomName":"CT 4","ExaminationTypeName":"CT Abdomen","Radiologist":"Williams Kornprobst","Examination":"1"},
    {"DepartmentName":"Radiology B","RoomName":"CT 4","ExaminationTypeName":"CT Abdomen","Radiologist":"Williams Kornprobst","Examination":"1"},
    {"DepartmentName":"Radiology B","RoomName":"CT 4","ExaminationTypeName":"CT Abdomen","Radiologist":"Williams Kornprobst","Examination":"1"},
    {"DepartmentName":"Radiology B","RoomName":"CT 4","ExaminationTypeName":"CT Abdomen","Radiologist":"Williams Kornprobst","Examination":"1"},
    {"DepartmentName":"Radiology B","RoomName":"CT 4","ExaminationTypeName":"CT Abdomen","Radiologist":"Williams Kornprobst","Examination":"1"},
    {"DepartmentName":"Radiology B","RoomName":"CT 4","ExaminationTypeName":"CT Abdomen","Radiologist":"Williams Kornprobst","Examination":"1"},
    {"DepartmentName":"Radiology B","RoomName":"CT 4","ExaminationTypeName":"CT Abdomen","Radiologist":"Williams Kornprobst","Examination":"1"},
    {"DepartmentName":"Radiology B","RoomName":"CT 4","ExaminationTypeName":"CT Abdomen","Radiologist":"Williams Kornprobst","Examination":"1"},
    {"DepartmentName":"Radiology C","RoomName":"S1CT 1","ExaminationTypeName":"CT Abdomen","Radiologist":"Erick Hakimi","Examination":"1"},
    {"DepartmentName":"Radiology C","RoomName":"S1CT 1","ExaminationTypeName":"CT Abdomen","Radiologist":"Josh Carini","Examination":"1"},
    {"DepartmentName":"Radiology C","RoomName":"S1CT 1","ExaminationTypeName":"CT Abdomen","Radiologist":"Williams Kornprobst","Examination":"1"},
    {"DepartmentName":"Radiology C","RoomName":"S1CT 1","ExaminationTypeName":"CT Abdomen","Radiologist":"Williams Kornprobst","Examination":"1"},
    {"DepartmentName":"Radiology C","RoomName":"S1CT 1","ExaminationTypeName":"CT Abdomen","Radiologist":"Josh Carini","Examination":"1"},
    {"DepartmentName":"Radiology C","RoomName":"S1CT 1","ExaminationTypeName":"CT Abdomen","Radiologist":"Josh Carini","Examination":"1"},
    {"DepartmentName":"Radiology C","RoomName":"S1CT 1","ExaminationTypeName":"CT Abdomen","Radiologist":"Whitney Hanstein","Examination":"1"},
    {"DepartmentName":"Radiology C","RoomName":"S1CT 1","ExaminationTypeName":"CT Abdomen","Radiologist":"Whitney Hanstein","Examination":"1"},
    {"DepartmentName":"Radiology C","RoomName":"S1CT 1","ExaminationTypeName":"CT Abdomen","Radiologist":"Whitney Hanstein","Examination":"1"},
    {"DepartmentName":"Radiology C","RoomName":"S1CT 1","ExaminationTypeName":"CT Abdomen","Radiologist":"Williams Kornprobst","Examination":"1"},
    {"DepartmentName":"Radiology C","RoomName":"S1CT 1","ExaminationTypeName":"CT Abdomen","Radiologist":"Williams Kornprobst","Examination":"1"},
    {"DepartmentName":"Radiology C","RoomName":"S1CT 1","ExaminationTypeName":"CT Abdomen","Radiologist":"Williams Kornprobst","Examination":"1"},
    {"DepartmentName":"Radiology C","RoomName":"S1CT 1","ExaminationTypeName":"CT Abdomen","Radiologist":"Whitney Hanstein","Examination":"1"},
    {"DepartmentName":"Radiology C","RoomName":"S1CT 1","ExaminationTypeName":"CT Abdomen","Radiologist":"Whitney Hanstein","Examination":"1"},
    {"DepartmentName":"Radiology C","RoomName":"S1CT 1","ExaminationTypeName":"CT Abdomen","Radiologist":"Williams Kornprobst","Examination":"1"},
    {"DepartmentName":"Radiology C","RoomName":"S1CT 1","ExaminationTypeName":"CT Abdomen","Radiologist":"Williams Kornprobst","Examination":"1"},
    {"DepartmentName":"Radiology C","RoomName":"S1CT 1","ExaminationTypeName":"CT Abdomen","Radiologist":"Williams Kornprobst","Examination":"1"},
    {"DepartmentName":"Radiology C","RoomName":"S1CT 1","ExaminationTypeName":"CT Abdomen","Radiologist":"Williams Kornprobst","Examination":"1"},
    {"DepartmentName":"Radiology C","RoomName":"S1CT 1","ExaminationTypeName":"CT Abdomen","Radiologist":"Williams Kornprobst","Examination":"1"},
    {"DepartmentName":"Radiology C","RoomName":"S1CT 1","ExaminationTypeName":"CT Abdomen","Radiologist":"Williams Kornprobst","Examination":"1"},
    {"DepartmentName":"Radiology C","RoomName":"S1CT 1","ExaminationTypeName":"CT Abdomen","Radiologist":"Williams Kornprobst","Examination":"1"},
    {"DepartmentName":"Radiology C","RoomName":"S1CT 1","ExaminationTypeName":"CT Abdomen","Radiologist":"Williams Kornprobst","Examination":"1"},
    {"DepartmentName":"Radiology C","RoomName":"S1CT 1","ExaminationTypeName":"CT Abdomen","Radiologist":"Williams Kornprobst","Examination":"1"},
    {"DepartmentName":"Radiology D","RoomName":"S2CT 1","ExaminationTypeName":"CT Abdomen","Radiologist":"Erick Hakimi","Examination":"1"},
    {"DepartmentName":"Radiology D","RoomName":"S2CT 1","ExaminationTypeName":"CT Abdomen","Radiologist":"Josh Carini","Examination":"1"},
    {"DepartmentName":"Radiology D","RoomName":"S2CT 1","ExaminationTypeName":"CT Abdomen","Radiologist":"Williams Kornprobst","Examination":"1"},
    {"DepartmentName":"Radiology D","RoomName":"S2CT 1","ExaminationTypeName":"CT Abdomen","Radiologist":"Williams Kornprobst","Examination":"1"},
    {"DepartmentName":"Radiology D","RoomName":"S2CT 1","ExaminationTypeName":"CT Abdomen","Radiologist":"Josh Carini","Examination":"1"},
    {"DepartmentName":"Radiology D","RoomName":"S2CT 1","ExaminationTypeName":"CT Abdomen","Radiologist":"Josh Carini","Examination":"1"},
    {"DepartmentName":"Radiology D","RoomName":"S2CT 1","ExaminationTypeName":"CT Abdomen","Radiologist":"Whitney Hanstein","Examination":"1"},
    {"DepartmentName":"Radiology D","RoomName":"S2CT 1","ExaminationTypeName":"CT Abdomen","Radiologist":"Whitney Hanstein","Examination":"1"},
    {"DepartmentName":"Radiology D","RoomName":"S2CT 1","ExaminationTypeName":"CT Abdomen","Radiologist":"Whitney Hanstein","Examination":"1"},
    {"DepartmentName":"Radiology D","RoomName":"S2CT 1","ExaminationTypeName":"CT Abdomen","Radiologist":"Williams Kornprobst","Examination":"1"},
    {"DepartmentName":"Radiology D","RoomName":"S2CT 1","ExaminationTypeName":"CT Abdomen","Radiologist":"Williams Kornprobst","Examination":"1"},
    {"DepartmentName":"Radiology D","RoomName":"S2CT 1","ExaminationTypeName":"CT Abdomen","Radiologist":"Williams Kornprobst","Examination":"1"},
    {"DepartmentName":"Radiology D","RoomName":"S2CT 1","ExaminationTypeName":"CT Abdomen","Radiologist":"Whitney Hanstein","Examination":"1"},
    {"DepartmentName":"Radiology D","RoomName":"S2CT 1","ExaminationTypeName":"CT Abdomen","Radiologist":"Whitney Hanstein","Examination":"1"},
    {"DepartmentName":"Radiology D","RoomName":"S2CT 1","ExaminationTypeName":"CT Abdomen","Radiologist":"Williams Kornprobst","Examination":"1"},
    {"DepartmentName":"Radiology D","RoomName":"S2CT 1","ExaminationTypeName":"CT Abdomen","Radiologist":"Williams Kornprobst","Examination":"1"},
    {"DepartmentName":"Radiology D","RoomName":"S2CT 1","ExaminationTypeName":"CT Abdomen","Radiologist":"Williams Kornprobst","Examination":"1"},
    {"DepartmentName":"Radiology D","RoomName":"S2CT 1","ExaminationTypeName":"CT Abdomen","Radiologist":"Williams Kornprobst","Examination":"1"},
    {"DepartmentName":"Radiology D","RoomName":"S2CT 1","ExaminationTypeName":"CT Abdomen","Radiologist":"Williams Kornprobst","Examination":"1"},
    {"DepartmentName":"Radiology D","RoomName":"S2CT 1","ExaminationTypeName":"CT Abdomen","Radiologist":"Williams Kornprobst","Examination":"1"},
    {"DepartmentName":"Radiology D","RoomName":"S2CT 1","ExaminationTypeName":"CT Abdomen","Radiologist":"Williams Kornprobst","Examination":"1"},
    {"DepartmentName":"Radiology D","RoomName":"S2CT 1","ExaminationTypeName":"CT Abdomen","Radiologist":"Williams Kornprobst","Examination":"1"},
    {"DepartmentName":"Radiology D","RoomName":"S2CT 1","ExaminationTypeName":"CT Abdomen","Radiologist":"Williams Kornprobst","Examination":"1"},
    {"DepartmentName":"Radiology E","RoomName":"S3CT 1","ExaminationTypeName":"CT Abdomen","Radiologist":"Erick Hakimi","Examination":"1"},
    {"DepartmentName":"Radiology E","RoomName":"S3CT 1","ExaminationTypeName":"CT Abdomen","Radiologist":"Josh Carini","Examination":"1"},
    {"DepartmentName":"Radiology E","RoomName":"S3CT 1","ExaminationTypeName":"CT Abdomen","Radiologist":"Williams Kornprobst","Examination":"1"},
    {"DepartmentName":"Radiology E","RoomName":"S3CT 1","ExaminationTypeName":"CT Abdomen","Radiologist":"Williams Kornprobst","Examination":"1"},
    {"DepartmentName":"Radiology E","RoomName":"S3CT 1","ExaminationTypeName":"CT Abdomen","Radiologist":"Josh Carini","Examination":"1"},
    {"DepartmentName":"Radiology E","RoomName":"S3CT 1","ExaminationTypeName":"CT Abdomen","Radiologist":"Josh Carini","Examination":"1"},
    {"DepartmentName":"Radiology E","RoomName":"S3CT 1","ExaminationTypeName":"CT Abdomen","Radiologist":"Whitney Hanstein","Examination":"1"},
    {"DepartmentName":"Radiology E","RoomName":"S3CT 1","ExaminationTypeName":"CT Abdomen","Radiologist":"Whitney Hanstein","Examination":"1"},
    {"DepartmentName":"Radiology E","RoomName":"S3CT 1","ExaminationTypeName":"CT Abdomen","Radiologist":"Whitney Hanstein","Examination":"1"},
    {"DepartmentName":"Radiology E","RoomName":"S3CT 1","ExaminationTypeName":"CT Abdomen","Radiologist":"Williams Kornprobst","Examination":"1"},
    {"DepartmentName":"Radiology E","RoomName":"S3CT 1","ExaminationTypeName":"CT Abdomen","Radiologist":"Williams Kornprobst","Examination":"1"},
    {"DepartmentName":"Radiology E","RoomName":"S3CT 1","ExaminationTypeName":"CT Abdomen","Radiologist":"Williams Kornprobst","Examination":"1"},
    {"DepartmentName":"Radiology E","RoomName":"S3CT 1","ExaminationTypeName":"CT Abdomen","Radiologist":"Whitney Hanstein","Examination":"1"},
    {"DepartmentName":"Radiology E","RoomName":"S3CT 1","ExaminationTypeName":"CT Abdomen","Radiologist":"Whitney Hanstein","Examination":"1"},
    {"DepartmentName":"Radiology E","RoomName":"S3CT 1","ExaminationTypeName":"CT Abdomen","Radiologist":"Williams Kornprobst","Examination":"1"},
    {"DepartmentName":"Radiology E","RoomName":"S3CT 1","ExaminationTypeName":"CT Abdomen","Radiologist":"Williams Kornprobst","Examination":"1"},
    {"DepartmentName":"Radiology E","RoomName":"S3CT 1","ExaminationTypeName":"CT Abdomen","Radiologist":"Williams Kornprobst","Examination":"1"},
    {"DepartmentName":"Radiology E","RoomName":"S3CT 1","ExaminationTypeName":"CT Abdomen","Radiologist":"Williams Kornprobst","Examination":"1"},
    {"DepartmentName":"Radiology E","RoomName":"S3CT 1","ExaminationTypeName":"CT Abdomen","Radiologist":"Williams Kornprobst","Examination":"1"},
    {"DepartmentName":"Radiology E","RoomName":"S3CT 1","ExaminationTypeName":"CT Abdomen","Radiologist":"Williams Kornprobst","Examination":"1"},
    {"DepartmentName":"Radiology E","RoomName":"S3CT 1","ExaminationTypeName":"CT Abdomen","Radiologist":"Williams Kornprobst","Examination":"1"},
    {"DepartmentName":"Radiology E","RoomName":"S3CT 1","ExaminationTypeName":"CT Abdomen","Radiologist":"Williams Kornprobst","Examination":"1"},
    {"DepartmentName":"Radiology E","RoomName":"S3CT 1","ExaminationTypeName":"CT Abdomen","Radiologist":"Williams Kornprobst","Examination":"1"},
    {"DepartmentName":"Radiology E","RoomName":"S3CT 2","ExaminationTypeName":"CT Abdomen","Radiologist":"Erick Hakimi","Examination":"1"},
    {"DepartmentName":"Radiology E","RoomName":"S3CT 2","ExaminationTypeName":"CT Abdomen","Radiologist":"Josh Carini","Examination":"1"},
    {"DepartmentName":"Radiology E","RoomName":"S3CT 2","ExaminationTypeName":"CT Abdomen","Radiologist":"Williams Kornprobst","Examination":"1"},
    {"DepartmentName":"Radiology E","RoomName":"S3CT 2","ExaminationTypeName":"CT Abdomen","Radiologist":"Williams Kornprobst","Examination":"1"},
    {"DepartmentName":"Radiology E","RoomName":"S3CT 2","ExaminationTypeName":"CT Abdomen","Radiologist":"Josh Carini","Examination":"1"},
    {"DepartmentName":"Radiology E","RoomName":"S3CT 2","ExaminationTypeName":"CT Abdomen","Radiologist":"Josh Carini","Examination":"1"}
    ]
	},
    {
        "name": "Waiting Room",
        "settings": {
            "size": "large",
            "title": "Waiting Room",
            "min": -10,
            "max": 10
        },
        "dataset": [
        {
            "name": "CT",
            "value": 100          
        },
        {
            "name": "Buddy",
            "value": -3   
        },
        {
            "name": "MR",
            "value": 0  
        }
        ]
    }]
}